id,problem,solution,answer,difficulty,topic,difficulty_score,source_dataset
deepmath_-1.0_1,"Given a triangle \( \triangle ABC \) with \( \angle A = 20^\circ \), and points \( N \) and \( M \) such that \( AN = MC \) and \( NB = AM \), determine the measure of \( \angle X \).","Topic: Mathematics -> Geometry -> Plane Geometry -> Angles, Difficulty: -1.0",30^\circ,-1.0,Mathematics -> Geometry -> Plane Geometry -> Angles,-1.0,deepmath
deepmath_-1.0_3,Determine the number of different functions \( f(x) \) that satisfy the given conditions and also have the property that \( f(0) = 1 \).,"Topic: Mathematics -> Algebra -> Abstract Algebra -> Other, Difficulty: -1.0",1,-1.0,Mathematics -> Algebra -> Abstract Algebra -> Other,-1.0,deepmath
deepmath_-1.0_0,"In a game, there are three piles of balls, each initially containing an equal number of balls. On each turn, you select one pile and transfer a ball to another pile. The score for this move is calculated as the number of balls in the source pile minus the number of balls in the target pile (excluding the ball being transferred). If the result is negative, you lose points. What is the highest possible score you can achieve after making moves for 1000 years?","Topic: Mathematics -> Discrete Mathematics -> Combinatorics, Difficulty: -1.0",\infty,-1.0,Mathematics -> Discrete Mathematics -> Combinatorics,-1.0,deepmath
deepmath_-1.0_2,"In a truth table with $n^2$ entries, an algorithm takes two rows, $a$ and $b$, and performs $s$ logical operations, resulting in Boolean values. If each iteration returns $c$ TRUE values, where $c > b - a + 1$, determine the number of additional operations required before selecting a new pair of rows.","Topic: Mathematics -> Discrete Mathematics -> Logic, Difficulty: -1.0",c - (b - a + 1),-1.0,Mathematics -> Discrete Mathematics -> Logic,-1.0,deepmath
deepmath_1.0_1,"Are all elements in the sequence 10, 44, 136, 152, 184, 752, 884, 2144, 2272, 2528, 8384, 12224, 17176, 18632, 18904, 32896, 33664, 34688, 49024, 63248, 85936 even numbers?","Topic: Mathematics -> Algebra -> Prealgebra -> Integers, Difficulty: 1.0",Yes,1.0,Mathematics -> Algebra -> Prealgebra -> Integers,1.0,deepmath
deepmath_1.0_4,Evaluate the expression \( 2^{(0^{(2^3)})} \).,"Topic: Mathematics -> Algebra -> Prealgebra -> Simple Equations, Difficulty: 1.0",1,1.0,Mathematics -> Algebra -> Prealgebra -> Simple Equations,1.0,deepmath
deepmath_1.0_2,Calculate the value of the expression: \(6 \times 7 + 4 \times 7 + 6 \times 3 + 4 \times 3\).,"Topic: Mathematics -> Algebra -> Prealgebra -> Integers, Difficulty: 1.0",100,1.0,Mathematics -> Algebra -> Prealgebra -> Integers,1.0,deepmath
deepmath_1.0_0,"Find the equation of the line passing through the points (3, 4) and (1, 2).","Topic: Mathematics -> Algebra -> Prealgebra -> Simple Equations, Difficulty: 1.0",y = x + 1,1.0,Mathematics -> Algebra -> Prealgebra -> Simple Equations,1.0,deepmath
deepmath_1.0_3,"Consider a scenario where flour is to be distributed among three bags. If the number of possible ways to distribute the flour is infinite, and only one specific distribution is considered favorable, what is the probability of this favorable event occurring? Express your answer as a probability value.","Topic: Mathematics -> Applied Mathematics -> Statistics -> Probability -> Other, Difficulty: 1.0",0,1.0,Mathematics -> Applied Mathematics -> Statistics -> Probability -> Other,1.0,deepmath
deepmath_1.5_1,"Find the expected value of a random variable \( X \) with a normal distribution \( X \sim \mathcal{N}(\mu, \sigma^2) \).","Topic: Mathematics -> Applied Mathematics -> Statistics -> Mathematical Statistics, Difficulty: 1.5",\mu,1.5,Mathematics -> Applied Mathematics -> Statistics -> Mathematical Statistics,1.5,deepmath
deepmath_1.5_4,"Does the proof of the rank-nullity theorem in Lang's ""Linear Algebra"" book require the axiom of choice for finite sets? Answer yes or no.","Topic: Mathematics -> Algebra -> Linear Algebra -> Other, Difficulty: 1.5",No,1.5,Mathematics -> Algebra -> Linear Algebra -> Other,1.5,deepmath
deepmath_1.5_2,Calculate the total number of non-empty subsets of a set containing $10^8$ distinct objects.,"Topic: Mathematics -> Discrete Mathematics -> Combinatorics, Difficulty: 1.5",2^{10^8} - 1,1.5,Mathematics -> Discrete Mathematics -> Combinatorics,1.5,deepmath
deepmath_1.5_0,Can we predict the $n$th digit of $\pi$ without knowing any preceding digits? Answer yes or no.,"Topic: Mathematics -> Other, Difficulty: 1.5",No,1.5,Mathematics -> Other,1.5,deepmath
deepmath_1.5_3,"Given that \( a = s^3 \) and \( v = 3 \) when \( s = 4 \), find the value of \( v \).","Topic: Mathematics -> Algebra -> Prealgebra -> Simple Equations, Difficulty: 1.5",3,1.5,Mathematics -> Algebra -> Prealgebra -> Simple Equations,1.5,deepmath
deepmath_2.0_1,"If two vector spaces $V$ and $W$ are isomorphic, do they necessarily have the same dimension? Provide a justification for your answer.","Topic: Mathematics -> Algebra -> Linear Algebra -> Vectors, Difficulty: 2.0",Yes,2.0,Mathematics -> Algebra -> Linear Algebra -> Vectors,2.0,deepmath
deepmath_2.0_4,What is the value of \( \ln \left(e^{2 \pi i}\right) \)?,"Topic: Mathematics -> Algebra -> Intermediate Algebra -> Complex Numbers, Difficulty: 2.0",0,2.0,Mathematics -> Algebra -> Intermediate Algebra -> Complex Numbers,2.0,deepmath
deepmath_2.0_2,"Determine whether the logical statement \( \forall x\,P(x) \to \exists x\,P(x) \) is true.","Topic: Mathematics -> Discrete Mathematics -> Logic, Difficulty: 2.0",true,2.0,Mathematics -> Discrete Mathematics -> Logic,2.0,deepmath
deepmath_2.0_0,Solve the equation $x^x = 2^2$ for the real number $x$.,"Topic: Mathematics -> Algebra -> Intermediate Algebra -> Exponential Functions, Difficulty: 2.0",2,2.0,Mathematics -> Algebra -> Intermediate Algebra -> Exponential Functions,2.0,deepmath
deepmath_2.0_3,"How many different designs can be created on a 4x4 handkerchief using 4 different colors, assuming each square can be independently colored? Provide the total number of possible designs.","Topic: Mathematics -> Applied Mathematics -> Statistics -> Probability -> Counting Methods -> Combinations, Difficulty: 2.0",4294967296,2.0,Mathematics -> Applied Mathematics -> Statistics -> Probability -> Counting Methods -> Combinations,2.0,deepmath
deepmath_2.5_1,"Given a normal distribution of cheese weights X with mean 10 kg and standard deviation 2 kg, determine the weight threshold h such that the probability of a cheese weighing more than h is at least 0.991. Calculate the value of h.","Topic: Mathematics -> Applied Mathematics -> Statistics -> Probability -> Other, Difficulty: 2.5",5.27,2.5,Mathematics -> Applied Mathematics -> Statistics -> Probability -> Other,2.5,deepmath
deepmath_2.5_4,"Given a finite set of natural numbers \( S = \{x_1, x_2, \dots, x_n\} \), determine the number of distinct natural numbers that divide at least one element of the set \( S \). For example, if \( S = \{2, 6, 15\} \), the answer is 6.","Topic: Mathematics -> Number Theory -> Factorization, Difficulty: 2.5",6,2.5,Mathematics -> Number Theory -> Factorization,2.5,deepmath
deepmath_2.5_2,Calculate the distance from the complex number $1$ to $-2 i^{2/3}$. Express your answer in simplest form.,"Topic: Mathematics -> Algebra -> Intermediate Algebra -> Complex Numbers, Difficulty: 2.5",\sqrt{7},2.5,Mathematics -> Algebra -> Intermediate Algebra -> Complex Numbers,2.5,deepmath
deepmath_2.5_0,"An assembly line samples 150 finished items per day, counting the number of defective items, F. The probability of an item being defective, p, varies daily and follows a uniform distribution on the interval [0, 1/3]. What is the expected number of defective items per day?","Topic: Mathematics -> Applied Mathematics -> Statistics -> Mathematical Statistics, Difficulty: 2.5",25,2.5,Mathematics -> Applied Mathematics -> Statistics -> Mathematical Statistics,2.5,deepmath
deepmath_2.5_3,Find the final single-digit result after repeatedly summing the digits of \(2014^{2014}\) until a single digit is obtained. What number does this process yield? \(\text{(A) }5\qquad\text{(B) }7\qquad\text{(C) }11\qquad\text{(D) }16\qquad\text{(E) }18\),"Topic: Mathematics -> Number Theory -> Congruences, Difficulty: 2.5",B,2.5,Mathematics -> Number Theory -> Congruences,2.5,deepmath
deepmath_3.0_0,"When three standard dice are tossed, the numbers $a,b,c$ are obtained. Find the probability that $$(a-1)(b-1)(c-1) \neq 0$$","Topic: Mathematics -> Applied Mathematics -> Statistics -> Probability -> Counting Methods -> Other, Difficulty: 3.0",\frac{125}{216},3.0,Mathematics -> Applied Mathematics -> Statistics -> Probability -> Counting Methods -> Other,3.0,deepmath
deepmath_3.0_5,Find the coefficient of $x^2$ in the expansion of \[\left(x+\frac{1}{x}\right)^6.\],"Topic: Mathematics -> Algebra -> Algebra -> Polynomial Operations, Difficulty: 3.0",15,3.0,Mathematics -> Algebra -> Algebra -> Polynomial Operations,3.0,deepmath
deepmath_3.0_36,"If $g(x) = 2x^2+2x-1$, what is the value of $g(g(2))$?","Topic: Mathematics -> Algebra -> Algebra -> Algebraic Expressions, Difficulty: 3.0",263,3.0,Mathematics -> Algebra -> Algebra -> Algebraic Expressions,3.0,deepmath
deepmath_3.0_45,"Given two sequences of real numbers, the target sequence \( a_{1t} = 10, a_{2t} = 20, a_{3t} = 30 \) and the current sequence \( a_{11} = 1, a_{21} = 1, a_{31} = 5 \), you can change the current sequence using the following rules:
\[
a_{12} = a_{11} + \eta \cdot \mu_1 \\
a_{22} = a_{21} + \eta \cdot \mu_2 \\
a_{32} = a_{31} + \eta \cdot \mu_3 
\]
where \( \mu_1 = 1, \mu_2 = 2, \mu_3 = 3 \) are fixed factors. Find the value of \( \eta \) that minimizes the mean square error between the modified sequence \( a_{12}, a_{22}, a_{32} \) and the target sequence \( a_{1t}, a_{2t}, a_{3t} \).","Topic: Mathematics -> Applied Mathematics -> Statistics -> Mathematical Statistics, Difficulty: 3.0",\dfrac{61}{7},3.0,Mathematics -> Applied Mathematics -> Statistics -> Mathematical Statistics,3.0,deepmath
deepmath_3.0_13,"A European train compartment has six seats.  Four of the seats are broken.  Wilhelm needs to fill out a form like the one here to indicate that there are broken seats.  If he randomly checks off four of the seats in the diagram, what is the probability that he marked the correct seats?  Express your answer as a common fraction.

[asy]

draw((0,0)--(24,0)--(24,18)--(0,18)--(0,0));

label(""$\textbf{Maintenance Report}$"",(12,16));

draw((2,2)--(22,2)--(22,14)--(2,14)--(2,2));

draw((4,4)--(8,4)--(8,6)--(4,6)--(4,4));

draw((10,4)--(14,4)--(14,6)--(10,6)--(10,4));
label(""$\surd$"",(12,5));

draw((16,4)--(20,4)--(20,6)--(16,6)--(16,4));
label(""$\surd$"",(18,5));

draw((4,10)--(8,10)--(8,12)--(4,12)--(4,10));
label(""$\surd$"",(6,11));

draw((10,10)--(14,10)--(14,12)--(10,12)--(10,10));
label(""$\surd$"",(12,11));

draw((16,10)--(20,10)--(20,12)--(16,12)--(16,10));

[/asy]","Topic: Mathematics -> Applied Mathematics -> Statistics -> Probability -> Counting Methods -> Combinations, Difficulty: 3.0",\frac{1}{15},3.0,Mathematics -> Applied Mathematics -> Statistics -> Probability -> Counting Methods -> Combinations,3.0,deepmath
deepmath_3.0_54,"On Monday, I worked $t-6$ hours and earned $2t-5$ dollars per hour. My friend Andrew worked $2t-8$ hours but only earned $t-5$ dollars an hour. As it turns out, we earned the same amount. What is the value of $t$?","Topic: Mathematics -> Algebra -> Prealgebra -> Simple Equations, Difficulty: 3.0",10,3.0,Mathematics -> Algebra -> Prealgebra -> Simple Equations,3.0,deepmath
deepmath_3.0_33,"Determine whether the function \( \frac{r + \cos(x)}{s - \cos(x)} \) is periodic with period \(2\pi\), given that both the numerator and the denominator are periodic functions with period \(2\pi\).","Topic: Mathematics -> Algebra -> Intermediate Algebra -> Other, Difficulty: 3.0",Yes,3.0,Mathematics -> Algebra -> Intermediate Algebra -> Other,3.0,deepmath
deepmath_3.0_48,"For integers $a$, $b$, $c$, and $d$, $(x^2+ax+b)(x^2+cx+d)=x^4+x^3-2x^2+17x-5$. What is the value of $a+b+c+d$?","Topic: Mathematics -> Algebra -> Algebra -> Equations and Inequalities, Difficulty: 3.0",5,3.0,Mathematics -> Algebra -> Algebra -> Equations and Inequalities,3.0,deepmath
deepmath_3.0_12,"In a fair die game, you roll a die for the first time as a preparatory roll, and the result is P. You continue rolling the die, and if you roll a number greater than or equal to P, the game ends. If you roll a number less than P, you add it to your total gain and continue rolling. What is the expected total gain from this game?","Topic: Mathematics -> Applied Mathematics -> Statistics -> Probability -> Counting Methods -> Combinations, Difficulty: 3.0",\dfrac{153}{40},3.0,Mathematics -> Applied Mathematics -> Statistics -> Probability -> Counting Methods -> Combinations,3.0,deepmath
deepmath_3.0_57,Find the coefficient of the $x^2$ term in the expansion of the product $$(2x^2 +3x +4)(5x^2 +6x +7).$$,"Topic: Mathematics -> Algebra -> Algebra -> Polynomial Operations, Difficulty: 3.0",52,3.0,Mathematics -> Algebra -> Algebra -> Polynomial Operations,3.0,deepmath
deepmath_3.5_0,"Given a deck of 52 cards, how many times must it be shuffled to make it ""random""? Assume a riffle shuffle is used, where the deck is cut into two stacks and interleaved. Provide your answer as a whole number of shuffles.","Topic: Mathematics -> Applied Mathematics -> Statistics -> Probability -> Other, Difficulty: 3.5",7,3.5,Mathematics -> Applied Mathematics -> Statistics -> Probability -> Other,3.5,deepmath
deepmath_3.5_5,"Given a multiset of symbols \((A, A, B, B, B, C, D, D)\), find the nth permutation of the symbols when sorted in alphabetical order.","Topic: Mathematics -> Discrete Mathematics -> Combinatorics, Difficulty: 3.5",BDCADABB,3.5,Mathematics -> Discrete Mathematics -> Combinatorics,3.5,deepmath
deepmath_3.5_11,"In category theory, must a directed graph have arrows connecting each point to itself to be considered a category?","Topic: Mathematics -> Algebra -> Abstract Algebra -> Other, Difficulty: 3.5",Yes,3.5,Mathematics -> Algebra -> Abstract Algebra -> Other,3.5,deepmath
deepmath_3.5_1,Determine the rate of convergence of the sequence $e^{-n}$ as $n \to \infty$. Find a sequence $\beta_n$ that converges to 0 such that $|e^{-n} - 0| \leq K|\beta_n|$ for some positive constant $K$. Express the rate of convergence using $O(\cdot)$ notation.,"Topic: Mathematics -> Calculus -> Differential Calculus -> Applications of Derivatives, Difficulty: 3.5",O(e^{-n}),3.5,Mathematics -> Calculus -> Differential Calculus -> Applications of Derivatives,3.5,deepmath
deepmath_3.5_8,"Find the radius of convergence for the series \( \sum_{n=0}^{\infty} (n+2^n)z^n \) using the formula:
\[ R = \lim_{n \rightarrow \infty} \left| \frac{n+2^n}{(n+1)+2^{n+1}} \right| \]","Topic: Mathematics -> Calculus -> Differential Calculus -> Applications of Derivatives, Difficulty: 3.5",\dfrac{1}{2},3.5,Mathematics -> Calculus -> Differential Calculus -> Applications of Derivatives,3.5,deepmath
deepmath_3.5_16,"What is the expected discount sum for the first $n$ customers in a shop, where $n$ is unknown, and each customer guesses $n$ to maximize their chances of getting a $1\$$ discount?","Topic: Mathematics -> Applied Mathematics -> Statistics -> Probability -> Other, Difficulty: 3.5",H_n,3.5,Mathematics -> Applied Mathematics -> Statistics -> Probability -> Other,3.5,deepmath
deepmath_3.5_3,Evaluate the limit: \[ \lim \limits_{n \to \infty}\left(1 + \frac{1}{n(n+2)}\right)^n \],"Topic: Mathematics -> Precalculus -> Limits, Difficulty: 3.5",1,3.5,Mathematics -> Precalculus -> Limits,3.5,deepmath
deepmath_3.5_13,"Evaluate the improper integral \( \int_e^{\infty}\frac{\ln x}{x}\ dx \). Choose the correct answer from the following options:

A. \( \dfrac{1}{2} \)

B. \( \dfrac{e^2}{2} \)

C. \( \dfrac{\ln(2e)}{2} \)

D. DNE (Does not exist)","Topic: Mathematics -> Calculus -> Integral Calculus -> Techniques of Integration -> Single-variable, Difficulty: 3.5",D,3.5,Mathematics -> Calculus -> Integral Calculus -> Techniques of Integration -> Single-variable,3.5,deepmath
deepmath_3.5_15,"Determine the number of equivalence relations on the set \( S = \{1, 2, 3, 4, 5, 6, 7, 8\} \) that have exactly 3 equivalence classes.","Topic: Mathematics -> Discrete Mathematics -> Combinatorics, Difficulty: 3.5",966,3.5,Mathematics -> Discrete Mathematics -> Combinatorics,3.5,deepmath
deepmath_3.5_17,"Two players, A and B, take turns rolling a fair six-sided die, with A rolling first. To win, a player must roll a 4 immediately after the other player rolls a 1. What is the probability that player A wins the game?","Topic: Mathematics -> Applied Mathematics -> Statistics -> Probability -> Counting Methods -> Combinations, Difficulty: 3.5",\dfrac{36}{73},3.5,Mathematics -> Applied Mathematics -> Statistics -> Probability -> Counting Methods -> Combinations,3.5,deepmath
deepmath_4.0_30,"Express $249_{11}+3AB_{12}$ as a base 10 integer. Here $A$ and $B$ denote the digits whose values are 10 and 11, respectively, in base 12.","Topic: Mathematics -> Algebra -> Prealgebra -> Integers, Difficulty: 4.0",858,4.0,Mathematics -> Algebra -> Prealgebra -> Integers,4.0,deepmath
deepmath_4.0_65,Evaluate the limit \( \displaystyle\lim_{x\to0}\frac {(\sin(x)-x)^2} {(\cos(x)-1)^3} \) using Taylor polynomials.,"Topic: Mathematics -> Precalculus -> Limits, Difficulty: 4.0",-\dfrac{2}{9},4.0,Mathematics -> Precalculus -> Limits,4.0,deepmath
deepmath_4.0_64,"Determine the value of \(v\) that minimizes the function \(E(v) = (av^3)\left(\frac{L}{v-u}\right)\), where \(a\), \(L\), and \(u\) are constants.","Topic: Mathematics -> Calculus -> Differential Calculus -> Applications of Derivatives, Difficulty: 4.0",\dfrac{3u}{2},4.0,Mathematics -> Calculus -> Differential Calculus -> Applications of Derivatives,4.0,deepmath
deepmath_4.0_53,"Let $a,$ $b,$ and $c$ be nonzero real numbers such that $a + b + c = 0.$  Simplify
\[\frac{1}{b^2 + c^2 - a^2} + \frac{1}{a^2 + c^2 - b^2} + \frac{1}{a^2 + b^2 - c^2}.\]","Topic: Mathematics -> Algebra -> Intermediate Algebra -> Other, Difficulty: 4.0",0,4.0,Mathematics -> Algebra -> Intermediate Algebra -> Other,4.0,deepmath
deepmath_4.0_45,"I coach a soccer team with 15 members.  I want to choose a starting lineup consisting of 11 players, two of whom will represent the team in the captains meeting at the beginning of the game.  In how many ways can I choose my starting lineup, including designating the two captains?","Topic: Mathematics -> Applied Mathematics -> Statistics -> Probability -> Counting Methods -> Combinations, Difficulty: 4.0","75,\!075",4.0,Mathematics -> Applied Mathematics -> Statistics -> Probability -> Counting Methods -> Combinations,4.0,deepmath
deepmath_4.0_94,Determine the number of positive integers $a$ less than $12$ such that the congruence $ax\equiv 1\pmod{12}$ has a solution in $x$.,"Topic: Mathematics -> Number Theory -> Congruences, Difficulty: 4.0",4,4.0,Mathematics -> Number Theory -> Congruences,4.0,deepmath
deepmath_4.0_104,"Yann and Camille go to a restaurant.  If there are 10 items on the menu, and each orders one dish, how many different combinations of meals can Yann and Camille order? (Note that they are allowed to order the same dish, and that it does matter who orders what.)","Topic: Mathematics -> Applied Mathematics -> Math Word Problems, Difficulty: 4.0",100,4.0,Mathematics -> Applied Mathematics -> Math Word Problems,4.0,deepmath
deepmath_4.0_47,"Let $a,$ $b,$ and $c$ be nonzero real numbers, and let
\[x = \frac{b}{c} + \frac{c}{b}, \quad y = \frac{a}{c} + \frac{c}{a}, \quad z = \frac{a}{b} + \frac{b}{a}.\]Simplify $x^2 + y^2 + z^2 - xyz.$","Topic: Mathematics -> Algebra -> Algebra -> Algebraic Expressions, Difficulty: 4.0",4,4.0,Mathematics -> Algebra -> Algebra -> Algebraic Expressions,4.0,deepmath
deepmath_4.0_10,"From the consecutive natural numbers \( 1, 2, 3, \ldots, 2014 \), select \( n \) numbers such that for any two numbers among them, neither is 7 times the other. What is the maximum value of \( n \)?","Topic: Mathematics -> Number Theory -> Other, Difficulty: 4.0",1763,4.0,Mathematics -> Number Theory -> Other,4.0,deepmath
deepmath_4.0_0,"The towns \( A \), \( B \), and \( C \) are connected by straight roads. The distance from town \( A \) to the road connecting towns \( B \) and \( C \) is 100 km, and the sum of the distances from town \( B \) to the road connecting \( A \) and \( C \), and from town \( C \) to the road connecting \( A \) and \( B \), is 300 km. Point \( D \) is equidistant from the roads connecting towns \( A \), \( B \), and \( C \) and lies within the area bounded by these roads. If a motorist uses no more than 1 liter of fuel for every 10 km of road, what is the maximum volume of fuel needed to reach any of the roads connecting the other towns from point \( D \)?","Topic: Mathematics -> Geometry -> Plane Geometry -> Triangulations, Difficulty: 4.0",\dfrac{30}{7},4.0,Mathematics -> Geometry -> Plane Geometry -> Triangulations,4.0,deepmath
deepmath_4.5_78,"Find the minimum value of the sum of distances $PA + PB$, where $P(x, y, z)$ lies on the line given by \( \frac{x+2}{2}=\frac{y+7}{2}=\frac{z-2}{1} \), and $A(5,3,4)$ and $B(1,-1,2)$ are two fixed points.","Topic: Mathematics -> Geometry -> Solid Geometry -> 3D Shapes, Difficulty: 4.5",6\sqrt{2},4.5,Mathematics -> Geometry -> Solid Geometry -> 3D Shapes,4.5,deepmath
deepmath_4.5_0,"Determine whether the following statement is true or false: If you run at a constant pace along any closed path, starting and ending at the same spot, and the sun is assumed to be stationary, you will receive the same amount of sunlight on the front and back of your body.","Topic: Mathematics -> Applied Mathematics -> Other, Difficulty: 4.5",True,4.5,Mathematics -> Applied Mathematics -> Other,4.5,deepmath
deepmath_4.5_68,"Evaluate the integral \( \int_0^1 x \log x \, dx \).","Topic: Mathematics -> Calculus -> Integral Calculus -> Techniques of Integration -> Single-variable, Difficulty: 4.5",-\dfrac{1}{4},4.5,Mathematics -> Calculus -> Integral Calculus -> Techniques of Integration -> Single-variable,4.5,deepmath
deepmath_4.5_22,Find the limit of the sequence \((u_n)_{n \in \mathbb{N}}\) defined by \(u_n = \frac{1}{n!} \sum_{k=0}^{n} k!\).,"Topic: Mathematics -> Precalculus -> Limits, Difficulty: 4.5",1,4.5,Mathematics -> Precalculus -> Limits,4.5,deepmath
deepmath_4.5_12,"Find the remainder when \(3^{2015} + 11^{2014}\) is divided by 61, given that \(3^5 \equiv -1 \pmod{61}\) and \(11^2 \equiv -1 \pmod{61}\).","Topic: Mathematics -> Number Theory -> Congruences, Difficulty: 4.5",59,4.5,Mathematics -> Number Theory -> Congruences,4.5,deepmath
deepmath_4.5_82,"Consider a group $G$ and a subgroup $H$. Let $A$ be the set of all left cosets of $H$ in $G$. Define an action of $G$ on $A$ by $g \cdot aH = gaH$ for all $g \in G$ and $aH \in A$, where $gaH$ is the left coset with representative $ga$. Does this action permute the left cosets of $H$ in $G$?","Topic: Mathematics -> Algebra -> Abstract Algebra -> Group Theory, Difficulty: 4.5",Yes,4.5,Mathematics -> Algebra -> Abstract Algebra -> Group Theory,4.5,deepmath
deepmath_4.5_10,Find the sum of all integers \( n \) such that \( \frac{1}{4} < \sin\frac{\pi}{n} < \frac{1}{3} \).,"Topic: Mathematics -> Precalculus -> Trigonometric Functions, Difficulty: 4.5",33,4.5,Mathematics -> Precalculus -> Trigonometric Functions,4.5,deepmath
deepmath_4.5_18,Evaluate the limit: $$\lim_{x \to 0} \frac{\cos(a + 2x) - 2\cos(a + x) + \cos(a)}{x^2}.$$,"Topic: Mathematics -> Calculus -> Differential Calculus -> Applications of Derivatives, Difficulty: 4.5",-\cos a,4.5,Mathematics -> Calculus -> Differential Calculus -> Applications of Derivatives,4.5,deepmath
deepmath_4.5_4,"Find the derivative of the function \( \phi(t) = \int_0^1 e^{\sqrt{x^2 + t^2}} \, \mathrm{d}x \) at \( t = 0 \).","Topic: Mathematics -> Calculus -> Differential Calculus -> Derivatives, Difficulty: 4.5",0,4.5,Mathematics -> Calculus -> Differential Calculus -> Derivatives,4.5,deepmath
deepmath_4.5_66,"Consider a $5\times5$ matrix $A$ with real entries and a $5\times1$ vector $x$. Determine the correct statement about the set $\{Ax, A^2x, A^3x, A^4x, A^5x\}$. Choose the correct option:

(a) Linear dependence/independence cannot be determined without knowing the whole matrix $A$.
(b) The vectors are linearly dependent.
(c) The vectors are linearly independent if and only if $A$ is symmetric.
(d) The vectors are linearly independent if and only if $A$ is positive definite.
(e) The vectors are linearly independent.","Topic: Mathematics -> Algebra -> Linear Algebra -> Vectors, Difficulty: 4.5",B,4.5,Mathematics -> Algebra -> Linear Algebra -> Vectors,4.5,deepmath
deepmath_5.0_73,"Compute the line integral \(\int_C (y^2z^3\,dx + 2xyz^3\,dy + 3xy^2z^2\,dz)\) where \(C\) is the straight line path from \(a = (1,1,1)\) to \(b = (2,2,2)\).","Topic: Mathematics -> Calculus -> Integral Calculus -> Techniques of Integration -> Multi-variable, Difficulty: 5.0",63,5.0,Mathematics -> Calculus -> Integral Calculus -> Techniques of Integration -> Multi-variable,5.0,deepmath
deepmath_5.0_280,"Let $A$ be a $2\times2$ matrix with real entries such that $\det(A) = d \neq 0$. Given that $\det(A + d\cdot\text{Adj}(A)) = 0$, find the value of $\det(A - d\cdot\text{Adj}(A))$, where $\text{Adj}(A)$ denotes the adjugate of $A$. Use only basic properties of matrices and determinants.","Topic: Mathematics -> Algebra -> Linear Algebra -> Matrices, Difficulty: 5.0",4,5.0,Mathematics -> Algebra -> Linear Algebra -> Matrices,5.0,deepmath
deepmath_5.0_25,"In a group $G$ with exactly $8$ elements of order $3$, determine the number of subgroups of order $3$ in $G$. Provide your answer as a single integer.","Topic: Mathematics -> Algebra -> Abstract Algebra -> Group Theory, Difficulty: 5.0",4,5.0,Mathematics -> Algebra -> Abstract Algebra -> Group Theory,5.0,deepmath
deepmath_5.0_255,"Determine whether the limit of the function \( F(x,y) = \frac{x^{3} + y^{3}}{x^{2} + y^{2}} \) exists as \((x, y)\) approaches the origin.","Topic: Mathematics -> Precalculus -> Limits, Difficulty: 5.0",0,5.0,Mathematics -> Precalculus -> Limits,5.0,deepmath
deepmath_5.0_9,"Determine whether the limit \( \displaystyle \lim_{(x,y) \to (0,0)} \frac{x^2y}{x^2 + y^2} \) exists.","Topic: Mathematics -> Precalculus -> Limits, Difficulty: 5.0",0,5.0,Mathematics -> Precalculus -> Limits,5.0,deepmath
deepmath_5.0_101,"If $A$ is a square matrix of order 3 such that $|A|=2$, find the value of $|(	ext{adj}A^{-1})^{-1}|$. Given that $A^{-1}=\frac{\text{adj}(A)}{|A|}$, $\text{adj}(A^{-1})=\frac{1}{2} \text{adj}(\text{adj}(A))$, and $|\text{adj}(A^{-1})|=\frac{1}{2} |A|^2$, determine the correct value of $|\text{adj}(A^{-1})^{-1}|$. The provided answer is 4.","Topic: Mathematics -> Algebra -> Linear Algebra -> Matrices, Difficulty: 5.0",4,5.0,Mathematics -> Algebra -> Linear Algebra -> Matrices,5.0,deepmath
deepmath_5.0_176,"Evaluate the double integral \( \iint |x+y| \, dx \, dy \) over the region where \(-1 \leq x \leq 1\) and \(-1 \leq y \leq 1\).","Topic: Mathematics -> Calculus -> Integral Calculus -> Techniques of Integration -> Multi-variable, Difficulty: 5.0",\dfrac{8}{3},5.0,Mathematics -> Calculus -> Integral Calculus -> Techniques of Integration -> Multi-variable,5.0,deepmath
deepmath_5.0_186,"Evaluate the integral \( I = \int_0^{1/2} \arcsin(\sqrt{x}) \, dx \) using the substitution \( \sqrt{x} = \sin(u) \).","Topic: Mathematics -> Calculus -> Integral Calculus -> Techniques of Integration -> Single-variable, Difficulty: 5.0",\dfrac{1}{4},5.0,Mathematics -> Calculus -> Integral Calculus -> Techniques of Integration -> Single-variable,5.0,deepmath
deepmath_5.0_63,"Find the minimum value of \( \frac{x}{y+z} + \frac{y}{x+z} + \frac{z}{x+y} \) for positive real numbers \( x, y, \) and \( z \). You may use inequalities such as Cauchy-Schwarz or AM-GM-HM in your solution.","Topic: Mathematics -> Algebra -> Algebra -> Equations and Inequalities, Difficulty: 5.0",\dfrac{3}{2},5.0,Mathematics -> Algebra -> Algebra -> Equations and Inequalities,5.0,deepmath
deepmath_5.0_116,"A tennis ball dipped in red paint rolls around on the coordinate plane, so that it is at
\[(x,y) = (3t^2 - 9t - 5, t^2 - 3t + 2)\]at time $t,$ where $0 \le t \le 4.$  Find the length of the paint trail left by the tennis ball.","Topic: Mathematics -> Calculus -> Integral Calculus -> Applications of Integrals, Difficulty: 5.0",\frac{25 \sqrt{10}}{4},5.0,Mathematics -> Calculus -> Integral Calculus -> Applications of Integrals,5.0,deepmath
deepmath_5.5_9,"Determine the values of $a \in \mathbb{R}$ for which the function \[ f(x,y) = \begin{cases} \dfrac{xy^a}{x^2+y^2}&(x,y) \neq (0,0)\\ \ 0&(x,y) = (0,0) \end{cases} \] is continuous.","Topic: Mathematics -> Calculus -> Differential Calculus -> Applications of Derivatives, Difficulty: 5.5",a > 1,5.5,Mathematics -> Calculus -> Differential Calculus -> Applications of Derivatives,5.5,deepmath
deepmath_5.5_255,"Determine the number of integers \( m \leq 1000 \) for which the sum \( \sum\limits_{k=1}^m \left\lfloor \frac{m}{k} \right\rfloor \) is even. Here, \( \lfloor x \rfloor \) denotes the floor function, which gives the largest integer less than or equal to \( x \).","Topic: Mathematics -> Algebra -> Prealgebra -> Integers, Difficulty: 5.5",495,5.5,Mathematics -> Algebra -> Prealgebra -> Integers,5.5,deepmath
deepmath_5.5_144,"Given that the series \(\sum a_n\) is convergent, determine which of the following series will always be convergent:

1. \(\sum (a_n)^2\)
2. \(\sum \sqrt{a_n}\)
3. \(\sum \frac{\sqrt{a_n}}{n}\)
4. \(\sum \frac{\sqrt{a_n}}{n^{1/4}}\)

Provide your answer by selecting the correct options.","Topic: Mathematics -> Calculus -> Differential Calculus -> Applications of Derivatives, Difficulty: 5.5",3,5.5,Mathematics -> Calculus -> Differential Calculus -> Applications of Derivatives,5.5,deepmath
deepmath_5.5_213,"Evaluate the limit: $$\lim_{(x,y) \to (0,0)} \frac{x^2y + x^4}{x^2 + y^2}$$","Topic: Mathematics -> Precalculus -> Limits, Difficulty: 5.5",0,5.5,Mathematics -> Precalculus -> Limits,5.5,deepmath
deepmath_5.5_230,"Evaluate the integral \( \int_{0}^{L}\int_{0}^{L} |x-y| \,dx\,dy \) using a change of variables.","Topic: Mathematics -> Calculus -> Integral Calculus -> Techniques of Integration -> Multi-variable, Difficulty: 5.5",\dfrac{L^3}{3},5.5,Mathematics -> Calculus -> Integral Calculus -> Techniques of Integration -> Multi-variable,5.5,deepmath
deepmath_5.5_197,"A particle is initially located at a point on a line. In the first second, it splits into two halves that move 1 unit apart in opposite directions. In each subsequent second, each resulting particle splits into two halves that move 1 unit apart from their previous positions. When two particles collide, they annihilate each other. Determine the number of particles remaining after 129 seconds.","Topic: Mathematics -> Discrete Mathematics -> Combinatorics, Difficulty: 5.5",4,5.5,Mathematics -> Discrete Mathematics -> Combinatorics,5.5,deepmath
deepmath_5.5_97,"Calculate the average value of the function \( f(x, y, z) = xyz \) over the region \( W \), where \( W \) is defined by the inequalities \( 0 \le z \le y \le x \le 1 \).","Topic: Mathematics -> Calculus -> Integral Calculus -> Techniques of Integration -> Multi-variable, Difficulty: 5.5",\dfrac{1}{8},5.5,Mathematics -> Calculus -> Integral Calculus -> Techniques of Integration -> Multi-variable,5.5,deepmath
deepmath_5.5_73,"Given a list of prime numbers under 100,000, determine the last prime number that appears in the decimal expansion of pi.","Topic: Mathematics -> Number Theory -> Prime Numbers, Difficulty: 5.5",99991,5.5,Mathematics -> Number Theory -> Prime Numbers,5.5,deepmath
deepmath_5.5_109,"Determine the condition that the polynomial $g(x)$ must satisfy for the product $h(x) = \frac{1}{x^2 + a}g(x)$ to have a critical point at $x = 0$, where $a > 0$ and $g(x)$ is a polynomial of degree $n$.","Topic: Mathematics -> Calculus -> Differential Calculus -> Applications of Derivatives, Difficulty: 5.5",g'(0) = 0,5.5,Mathematics -> Calculus -> Differential Calculus -> Applications of Derivatives,5.5,deepmath
deepmath_5.5_33,"Let $M$ be a $7\times6$ real matrix, and let $X$ be the matrix defined as:
$$
X = \pmatrix{
0&0&x_{13}&x_{14}&0&0\\
0&0&0&0&0&0\\
0&0&x_{33}&x_{34}&0&0\\
0&0&0&0&0&0\\
0&0&0&x_{54}&0&0\\
0&0&0&0&0&0\\
0&0&0&0&0&0}.
$$
If $N = M + X$ has rank $4$, what is the maximum possible rank of $X$?","Topic: Mathematics -> Algebra -> Linear Algebra -> Matrices, Difficulty: 5.5",2,5.5,Mathematics -> Algebra -> Linear Algebra -> Matrices,5.5,deepmath
deepmath_6.0_284,"Determine whether the following limit exists given that \( \sum_{n=1}^{\infty}\frac{b_n}{n} \) converges, where \( b_n > 0 \) for all positive integers \( n \):

\[ \lim_{n \to \infty}\sum_{i=n+1}^{2n}\frac{b_i}{i} \]","Topic: Mathematics -> Precalculus -> Limits, Difficulty: 6.0",0,6.0,Mathematics -> Precalculus -> Limits,6.0,deepmath
deepmath_6.0_116,"Let \(a, b, c, d\) be real numbers such that \(a+b+c+d=0\) and \(abcd=1\). Find the minimum value of \(a^4+b^4+c^4+d^4+a^2+b^2+c^2+d^2\).","Topic: Mathematics -> Algebra -> Algebra -> Equations and Inequalities, Difficulty: 6.0",8,6.0,Mathematics -> Algebra -> Algebra -> Equations and Inequalities,6.0,deepmath
deepmath_6.0_113,"Given an RSA public key with modulus $n = 2183$ and encryption exponent $C = 895$, the ciphertext $y = 821$ was obtained by encrypting a number $x$ in the range $1 \leq x \leq 999$. Find the original number $x$.","Topic: Mathematics -> Number Theory -> Prime Numbers, Difficulty: 6.0",404,6.0,Mathematics -> Number Theory -> Prime Numbers,6.0,deepmath
deepmath_6.0_42,Evaluate the limit: \[ \lim_{n\to \infty} \frac{1}{n^2} \sum_{k=1}^n \frac{f(a+\frac{k}{n^2}) -f(a)}{\frac{k}{n^2}} \] where \( f \) is a differentiable function.,"Topic: Mathematics -> Calculus -> Differential Calculus -> Derivatives, Difficulty: 6.0",0,6.0,Mathematics -> Calculus -> Differential Calculus -> Derivatives,6.0,deepmath
deepmath_6.0_126,Calculate the limit: $$ \lim _{x \rightarrow 0}(1-\ln (1+\sqrt[3]{x}))^{\frac{x}{\sin ^{4} \sqrt[3]{x}}} $$,"Topic: Mathematics -> Precalculus -> Limits, Difficulty: 6.0",\dfrac{1}{e},6.0,Mathematics -> Precalculus -> Limits,6.0,deepmath
deepmath_6.0_231,"Given that \(\cot \alpha + \cot \beta + \cot \gamma = -\frac{4}{5}\), \(\tan \alpha + \tan \beta + \tan \gamma = \frac{17}{6}\), and \(\cot \alpha \cot \beta + \cot \beta \cot \gamma + \cot \gamma \cot \alpha = -\frac{17}{5}\), find the value of \(\tan (\alpha + \beta + \gamma)\).","Topic: Mathematics -> Precalculus -> Trigonometric Functions, Difficulty: 6.0",11,6.0,Mathematics -> Precalculus -> Trigonometric Functions,6.0,deepmath
deepmath_6.0_181,Evaluate the expression \( \cot^2\frac{\pi}{16}+\cot^2\frac{2\pi}{16}+\cot^2\frac{3\pi}{16}+\cot^2\frac{4\pi}{16}+\cot^2\frac{5\pi}{16}+\cot^2\frac{6\pi}{16}+\cot^2\frac{7\pi}{16} \) without using the values of \( \sin 22.5^{\circ} \) and \( \cos 22.5^{\circ} \).,"Topic: Mathematics -> Precalculus -> Trigonometric Functions, Difficulty: 6.0",35,6.0,Mathematics -> Precalculus -> Trigonometric Functions,6.0,deepmath
deepmath_6.0_278,"Determine the number of functions \( f: A \to A \), where \( A = \{1, 2, 3, 4, 5, 6, 7\} \), such that \( f(f(f(x))) = x \) for all \( x \in A \).","Topic: Mathematics -> Algebra -> Abstract Algebra -> Group Theory, Difficulty: 6.0",351,6.0,Mathematics -> Algebra -> Abstract Algebra -> Group Theory,6.0,deepmath
deepmath_6.0_336,"Find the minimum value of the expression \(x_1x_2 + x_2x_3 + \cdots + x_{2014}x_{2015} + x_{2015}x_1\) given that each \(x_i\) is in the interval \([-1, 1]\) for \(i = 1, 2, \ldots, 2015\).","Topic: Mathematics -> Algebra -> Intermediate Algebra -> Other, Difficulty: 6.0",-2013,6.0,Mathematics -> Algebra -> Intermediate Algebra -> Other,6.0,deepmath
deepmath_6.0_25,Solve the recurrence relation \( T(n) = 2T(\sqrt{n}) + n \).,"Topic: Mathematics -> Discrete Mathematics -> Algorithms, Difficulty: 6.0",\Theta(n),6.0,Mathematics -> Discrete Mathematics -> Algorithms,6.0,deepmath
deepmath_6.5_73,Evaluate the limit: \[ \lim_{k\to\infty} \left[\frac{e^{1/k}}{k^2}+\frac{2(e^{1/k})^2}{k^2}+\frac{3(e^{1/k})^3}{k^2}+ \dots  +\frac{k(e^{1/k})^k}{k^2}\right] \],"Topic: Mathematics -> Precalculus -> Limits, Difficulty: 6.5",1,6.5,Mathematics -> Precalculus -> Limits,6.5,deepmath
deepmath_6.5_18,"Given a sequence of rational numbers $(a_n)_n$ converging to an irrational number $\alpha$, and considering the sets $K_n=\{z^{p_n}:z\in\mathbb{C}\wedge z^{q_n}=1\}$, where $a_n=p_n/q_n$ with $p_n$ and $q_n$ coprime, find the cardinality of $K_n$ if $\gcd(p_n,q_n)=d$. Express your answer in terms of $q_n$ and $d$. \( \boxed{} \)","Topic: Mathematics -> Algebra -> Abstract Algebra -> Group Theory, Difficulty: 6.5",\dfrac{q_n}{d},6.5,Mathematics -> Algebra -> Abstract Algebra -> Group Theory,6.5,deepmath
deepmath_6.5_118,Evaluate the integral \( \iiint_D \frac{z}{(x^2+y^2+z^2)^{\frac{3}{2}}}~\mathrm{d}x~\mathrm{d}y~\mathrm{d}z \) where \( D \) is the region of the ball \( x^2 + y^2 + z^2 \leq 16 \) with \( z \geq 2 \).,"Topic: Mathematics -> Calculus -> Integral Calculus -> Techniques of Integration -> Multi-variable, Difficulty: 6.5",\pi,6.5,Mathematics -> Calculus -> Integral Calculus -> Techniques of Integration -> Multi-variable,6.5,deepmath
deepmath_6.5_78,"Evaluate the limit: \[ \lim_{n \to \infty} \int_0^\pi \sin^n x \, dx \]","Topic: Mathematics -> Calculus -> Integral Calculus -> Techniques of Integration -> Single-variable, Difficulty: 6.5",0,6.5,Mathematics -> Calculus -> Integral Calculus -> Techniques of Integration -> Single-variable,6.5,deepmath
deepmath_6.5_76,"Evaluate \( \lim_{x\to \infty}x^p((x+1)^{1/3}+ (x-1)^{1/3} - 2x^{1/3}) \). If \( L = \lim_{x\to \infty}x^p((x+1)^{1/3}+ (x-1)^{1/3} - 2x^{1/3}) \) is a non-zero number, find \( \frac{p^2}{L} \).","Topic: Mathematics -> Precalculus -> Limits, Difficulty: 6.5",-\dfrac{25}{2},6.5,Mathematics -> Precalculus -> Limits,6.5,deepmath
deepmath_6.5_31,"Find the smallest positive integer \( u_n \) such that for any odd integer \( d \), the number of integers in any \( u_n \) consecutive odd integers that are divisible by \( d \) is at least as many as the number of integers among the odd integers \( 1, 3, 5, \ldots, 2n-1 \) that are divisible by \( d \).","Topic: Mathematics -> Number Theory -> Divisibility, Difficulty: 6.5",2n - 1,6.5,Mathematics -> Number Theory -> Divisibility,6.5,deepmath
deepmath_6.5_64,Evaluate the limit: $$\lim_{\alpha\rightarrow 0} \int_{0}^1 \frac{(1 - x)^\alpha}{\ln x} dx$$,"Topic: Mathematics -> Calculus -> Integral Calculus -> Techniques of Integration -> Single-variable, Difficulty: 6.5",-\infty,6.5,Mathematics -> Calculus -> Integral Calculus -> Techniques of Integration -> Single-variable,6.5,deepmath
deepmath_6.5_141,"Determine which of the following expressions grows the fastest as \(n\) approaches infinity: \(n^{n+1}\), \(n!\), or \(\frac{(2n)!}{n!^2}\).","Topic: Mathematics -> Discrete Mathematics -> Combinatorics, Difficulty: 6.5",n^{n+1},6.5,Mathematics -> Discrete Mathematics -> Combinatorics,6.5,deepmath
deepmath_6.5_68,"Determine if the function \(g_n(x)=\begin{cases}n(1-|nx|)&x \in \left(-\dfrac{1}{n},\dfrac{1}{n}\right)\\[6pt] 0 & \text{otherwise} \end{cases}\) is a nascent delta function at 0.","Topic: Mathematics -> Calculus -> Integral Calculus -> Applications of Integrals, Difficulty: 6.5",Yes,6.5,Mathematics -> Calculus -> Integral Calculus -> Applications of Integrals,6.5,deepmath
deepmath_6.5_82,"Provide a counterexample to the statement: ""If two subgroups of a group are isomorphic and one is normal, then the other must also be normal.""","Topic: Mathematics -> Algebra -> Abstract Algebra -> Group Theory, Difficulty: 6.5",D_4,6.5,Mathematics -> Algebra -> Abstract Algebra -> Group Theory,6.5,deepmath
deepmath_7.0_100,"Find the maximum value of the constant \(k\) such that for all positive numbers \(a, b, c\), the inequality \(\frac{k a b c}{a+b+c} \leq (a+b)^2 + (a+b+4c)^2\) holds.","Topic: Mathematics -> Algebra -> Algebra -> Equations and Inequalities, Difficulty: 7.0",100,7.0,Mathematics -> Algebra -> Algebra -> Equations and Inequalities,7.0,deepmath
deepmath_7.0_136,"Determine whether it is true that for a non-constant function \( f(x) \in C^1 \), there are only a finite number of maxima within any given finite interval. The function \( f(x) \) satisfies the conditions:
\[
\sup_{x \in \text{dom}(f(x))} |f(x)| < c_0 < \infty, \\
\sup_{x \in \text{dom}(f(x))} |f'(x)| < c_1 < \infty,
\]
where \( c_0 \) and \( c_1 \) are positive constants.","Topic: Mathematics -> Calculus -> Differential Calculus -> Applications of Derivatives, Difficulty: 7.0",False,7.0,Mathematics -> Calculus -> Differential Calculus -> Applications of Derivatives,7.0,deepmath
deepmath_7.0_78,Determine if a non-invertible matrix with non-zero entries in $M_n(\Bbb R)$ must be a right zero divisor.,"Topic: Mathematics -> Algebra -> Linear Algebra -> Matrices, Difficulty: 7.0",Yes,7.0,Mathematics -> Algebra -> Linear Algebra -> Matrices,7.0,deepmath
deepmath_7.0_56,"Evaluate the integral \( \int_{-1}^{1} e^{-5x} \delta'(x) \, dx \).","Topic: Mathematics -> Calculus -> Integral Calculus -> Techniques of Integration -> Single-variable, Difficulty: 7.0",5,7.0,Mathematics -> Calculus -> Integral Calculus -> Techniques of Integration -> Single-variable,7.0,deepmath
deepmath_7.0_97,"Evaluate the limit: \[ \lim_{n \rightarrow \infty} \int_0^n \frac{1}{n+n^2\sin(xn^{-2})} \, dx \]","Topic: Mathematics -> Calculus -> Integral Calculus -> Techniques of Integration -> Single-variable, Difficulty: 7.0",\ln 2,7.0,Mathematics -> Calculus -> Integral Calculus -> Techniques of Integration -> Single-variable,7.0,deepmath
deepmath_7.0_29,Let \( f(x) = 0 \) when \( x \) is irrational and \( f\left(\frac{p}{q}\right) = \frac{1}{q} \) if \( \frac{p}{q} \) is in lowest terms. Determine the function defined by \( g(x) = \lim_{y \to x}{f(y)} \).,"Topic: Mathematics -> Precalculus -> Limits, Difficulty: 7.0",0,7.0,Mathematics -> Precalculus -> Limits,7.0,deepmath
deepmath_7.0_104,"Evaluate the limit of the double integral: \[ \lim_{b \to 0^+} \int_{b}^1 \int_b^1 \frac{y-x}{(y+x)^3} \, dy \, dx \]","Topic: Mathematics -> Calculus -> Integral Calculus -> Techniques of Integration -> Multi-variable, Difficulty: 7.0",0,7.0,Mathematics -> Calculus -> Integral Calculus -> Techniques of Integration -> Multi-variable,7.0,deepmath
deepmath_7.0_82,Evaluate the limit \( \lim_{n\to\infty} \int_1^2 \frac{e^{-nx}+n}{x+n}dx \) using the dominated convergence theorem.,"Topic: Mathematics -> Calculus -> Integral Calculus -> Techniques of Integration -> Single-variable, Difficulty: 7.0",1,7.0,Mathematics -> Calculus -> Integral Calculus -> Techniques of Integration -> Single-variable,7.0,deepmath
deepmath_7.0_162,Determine the radius of the punctured disk around the origin within which the function \( f(z) = \frac{z^2 + 3z}{e^z - 1} \) can be expressed as a power series.,"Topic: Mathematics -> Other, Difficulty: 7.0",2\pi,7.0,Mathematics -> Other,7.0,deepmath
deepmath_7.0_108,Is the function \( f(x) = (x-a)^n g(x) \) \( n \) times differentiable at \( a \) if \( g \) is continuous at \( a \)? Justify your reasoning using the difference quotient operator \( \Delta^n_h f(x) = \frac{1}{h^n} \sum_{k=0}^n \binom{n}{k} f(x+(n-k)h)(-1)^k \).,"Topic: Mathematics -> Calculus -> Differential Calculus -> Derivatives, Difficulty: 7.0",Yes,7.0,Mathematics -> Calculus -> Differential Calculus -> Derivatives,7.0,deepmath
deepmath_7.5_55,"In the group \( G = \mathbb{Z}_3 \ltimes (\mathbb{Z}_5 \times \mathbb{Z}_5) \), where \( \phi: \mathbb{Z}_3 \rightarrow \operatorname{Aut}(\mathbb{Z}_5 \times \mathbb{Z}_5) \), determine the number of homomorphisms \( \phi_i \) induced by the elements \( \bar{0}, \bar{1}, \bar{2} \) of \( \mathbb{Z}_3 \).","Topic: Mathematics -> Algebra -> Abstract Algebra -> Group Theory, Difficulty: 7.5",21,7.5,Mathematics -> Algebra -> Abstract Algebra -> Group Theory,7.5,deepmath
deepmath_7.5_40,"Find the explicit equation of the elliptic curve corresponding to the lattice $\langle 1, i \rangle$.","Topic: Mathematics -> Algebra -> Abstract Algebra -> Field Theory, Difficulty: 7.5",y^2 = 4x^3 - 4x,7.5,Mathematics -> Algebra -> Abstract Algebra -> Field Theory,7.5,deepmath
deepmath_7.5_19,"Suppose $M$ and $N$ are simple modules over a commutative ring $R$, and $P_N$ is the projective cover of $N$. If there is a nonzero morphism $P_N \to M$, does this imply $N \cong M$?","Topic: Mathematics -> Algebra -> Abstract Algebra -> Ring Theory, Difficulty: 7.5",Yes,7.5,Mathematics -> Algebra -> Abstract Algebra -> Ring Theory,7.5,deepmath
deepmath_7.5_31,"Let $f$ be a holomorphic function on the open unit disk $\mathbb{D}$ and continuous on the closed disk $\mathbb{\overline{D}}$. Given that $f\left(\frac{z}{2}\right) = \frac{1}{2}f(z)$ for all $z \in \mathbb{\overline{D}}$ and $f(1) = 1$, prove that $f(z) = z$ for all $z \in \mathbb{\overline{D}}$. ","Topic: Mathematics -> Calculus -> Differential Calculus -> Other, Difficulty: 7.5",f(z) = z,7.5,Mathematics -> Calculus -> Differential Calculus -> Other,7.5,deepmath
deepmath_7.5_115,"Compute the integral \( \int_C \frac{e^z}{z} \, dz \), where \( C \) is the unit circle with positive orientation.","Topic: Mathematics -> Calculus -> Integral Calculus -> Techniques of Integration -> Single-variable, Difficulty: 7.5",2\pi i,7.5,Mathematics -> Calculus -> Integral Calculus -> Techniques of Integration -> Single-variable,7.5,deepmath
deepmath_7.5_56,"What is the maximum length of a chain of subgroups \( \{e\} \subset H_1 \subset \ldots \subset H_k = S_n \) in the symmetric group \( S_n \), where each inclusion is proper?","Topic: Mathematics -> Algebra -> Abstract Algebra -> Group Theory, Difficulty: 7.5",\sum_{p \leq n} \sum_{k=1}^{\infty} \left\lfloor \frac{n}{p^k} \right\rfloor,7.5,Mathematics -> Algebra -> Abstract Algebra -> Group Theory,7.5,deepmath
deepmath_7.5_69,"Is it true that in the proof of the non-existence of odd perfect numbers, the expression for $p^x$ cannot be an integer unless the denominator is 1?","Topic: Mathematics -> Number Theory -> Prime Numbers, Difficulty: 7.5",True,7.5,Mathematics -> Number Theory -> Prime Numbers,7.5,deepmath
deepmath_7.5_105,"Let $p$ be a prime and $M$ be an $n \times m$ matrix with integer entries such that for any column vector $\vec{v} \neq \vec{0}$ with entries 0 or 1, $M\vec{v} \not\equiv \vec{0} \text{ (mod }p\text{)}$. Determine if there exists a row vector $\vec{x}$ with integer entries such that no entry of $\vec{x}M$ is $0 \text{ (mod }p\text{)}$. Provide a justification for your answer.","Topic: Mathematics -> Algebra -> Linear Algebra -> Matrices, Difficulty: 7.5",Yes,7.5,Mathematics -> Algebra -> Linear Algebra -> Matrices,7.5,deepmath
deepmath_7.5_81,"Evaluate the surface integral \( \iint_S \mathrm{curl}\,\mathbf{F} \cdot d\mathbf{S} \) over the surface \( S \) of the cone \( z = 2 - \sqrt{x^2 + y^2} \) above the \( xy \)-plane, where the vector field \( \mathbf{F} \) is given by:
\[ \mathbf{F} = (x-z)\mathbf{i} + (x^3+yz)\mathbf{j} - (3xy^2)\mathbf{k} \]","Topic: Mathematics -> Calculus -> Integral Calculus -> Techniques of Integration -> Multi-variable, Difficulty: 7.5",12\pi,7.5,Mathematics -> Calculus -> Integral Calculus -> Techniques of Integration -> Multi-variable,7.5,deepmath
deepmath_7.5_26,"For a positive integer \(n\), let \(d(n)\) denote the largest odd divisor of \(n\). Calculate the last three digits of the sum \(S = d(1) + d(2) + d(3) + \cdots + d(2^{99})\).","Topic: Mathematics -> Number Theory -> Factorization, Difficulty: 7.5",782,7.5,Mathematics -> Number Theory -> Factorization,7.5,deepmath
deepmath_8.0_9,Evaluate the integral \( \int_{-\infty}^{\infty} \frac{\mathrm{d}^n}{\mathrm{d}x^n} e^{-x^2} \mathrm{d}x \) for \( n \neq 0 \).,"Topic: Mathematics -> Calculus -> Integral Calculus -> Techniques of Integration -> Multi-variable, Difficulty: 8.0",0,8.0,Mathematics -> Calculus -> Integral Calculus -> Techniques of Integration -> Multi-variable,8.0,deepmath
deepmath_8.0_184,Determine the set of all possible values of the series \( \sum_{n\geq 1}\frac{1}{x_n} \) where \( (x_n)_{n\geq 1} \) is an increasing sequence of positive natural numbers and the series converges.,"Topic: Mathematics -> Calculus -> Integral Calculus -> Applications of Integrals, Difficulty: 8.0","(0, \infty)",8.0,Mathematics -> Calculus -> Integral Calculus -> Applications of Integrals,8.0,deepmath
deepmath_8.0_120,"Evaluate the integral \( \int_{0}^{\infty} x \exp\left(-\frac{x^2+a^2}{2}\right) I_0(ax) \, dx \), where \( I_0(x) \) is the modified Bessel function of the first kind of order zero.","Topic: Mathematics -> Calculus -> Integral Calculus -> Techniques of Integration -> Single-variable, Difficulty: 8.0",1,8.0,Mathematics -> Calculus -> Integral Calculus -> Techniques of Integration -> Single-variable,8.0,deepmath
deepmath_8.0_207,"Let $G$ be a finite group with no element of order $p^2$ for any prime $p$, and suppose that $|G| \neq p$ for each prime $p$. Does there always exist an automorphism $\phi$ of order 2 such that for at least one subgroup $H$ of $G$, we have $\phi(H) \neq H$? Provide a justification for your answer.","Topic: Mathematics -> Algebra -> Abstract Algebra -> Group Theory, Difficulty: 8.0",No,8.0,Mathematics -> Algebra -> Abstract Algebra -> Group Theory,8.0,deepmath
deepmath_8.0_148,"Consider the region $T = \{(x, y) \in \mathbb{R}^{2}: x \geq 0, y \geq 0\}$. Let $f$ be a continuous function that vanishes outside the disk of radius $R$, i.e., $f(x, y) = 0$ for $x^2 + y^2 > R$. Suppose $u$ is a bounded solution to the equation $\Delta u = f$ in $T$ with the boundary conditions $u(x, 0) = 0$ and $u_x(0, y) = 0$. Determine whether $u \to 0$ as $x^2 + y^2 \to \infty$. Provide a justification for your answer.","Topic: Mathematics -> Differential Equations -> Partial Differential Equations (PDEs), Difficulty: 8.0",Yes,8.0,Mathematics -> Differential Equations -> Partial Differential Equations (PDEs),8.0,deepmath
deepmath_8.0_215,"Compute the derivative of the term \( \text{trace}(\Sigma^{\frac{1}{2}} S^{-1} \Sigma^{\frac{1}{2}}) \) with respect to the covariance matrix \( \Sigma \), where \( \Sigma \) is the covariance matrix of the target distribution and \( S \) is the covariance matrix of the observed data. Both matrices are positive definite.","Topic: Mathematics -> Algebra -> Linear Algebra -> Matrices, Difficulty: 8.0",S^{-1},8.0,Mathematics -> Algebra -> Linear Algebra -> Matrices,8.0,deepmath
deepmath_8.0_182,Evaluate the limit \( \lim_{n\to\infty}{ \int_{1}^{n}{\dfrac{\sin(x^n)}{x^2(1+x)}dx} } \).,"Topic: Mathematics -> Calculus -> Integral Calculus -> Techniques of Integration -> Single-variable, Difficulty: 8.0",0,8.0,Mathematics -> Calculus -> Integral Calculus -> Techniques of Integration -> Single-variable,8.0,deepmath
deepmath_8.0_86,Determine the smallest positive integer \( n \) such that there exist \( n \times n \) matrices \( A \) and \( B \) over \( \mathbb{R} \) satisfying \( (AB)^k = 0 \) and \( (BA)^k \neq 0 \) for a given positive integer \( k \).,"Topic: Mathematics -> Algebra -> Linear Algebra -> Matrices, Difficulty: 8.0",2k,8.0,Mathematics -> Algebra -> Linear Algebra -> Matrices,8.0,deepmath
deepmath_8.0_178,"Determine whether there exist any everywhere differentiable functions on a closed interval $[a,b]$ that are neither linear nor constant, but can be expressed as the limit of a sequence of continuous piecewise linear functions.","Topic: Mathematics -> Calculus -> Differential Calculus -> Derivatives, Difficulty: 8.0",Yes,8.0,Mathematics -> Calculus -> Differential Calculus -> Derivatives,8.0,deepmath
deepmath_8.0_175,"Let \( U \) be an open set in \( \mathbb{R}^2 \) and \( F: U \to \mathbb{R}^3 \) be a one-to-one differentiable function such that its inverse from \( F(U) \) to \( \mathbb{R}^2 \) is continuous. Is it possible for the derivative \( dF \), as a matrix, to not have rank 2 at some point in \( U \)?","Topic: Mathematics -> Calculus -> Differential Calculus -> Derivatives, Difficulty: 8.0",Yes,8.0,Mathematics -> Calculus -> Differential Calculus -> Derivatives,8.0,deepmath
deepmath_8.5_4,"Evaluate the contour integral \( \oint_{\gamma} \frac{f'(z)}{f(z)} dz \), where \( f(z) = f(0) \prod_{\rho} \left(1 - \frac{z}{\rho}\right) \) and \( \rho \) are the roots of \( f(z) \). The contour \( \gamma \) is a rectangle with vertices at \( a \), \( a + b \), \( a + b + it \), and \( a + it \), traversed counterclockwise. Assume all roots of \( f(z) \) lie within the rectangle. Determine the value of the integral.","Topic: Mathematics -> Other, Difficulty: 8.5",2\pi i N,8.5,Mathematics -> Other,8.5,deepmath
deepmath_8.5_35,"Is it true that every natural number can be extended to a prime number by adding digits? Formally, given a natural number \( n \), does there exist a prime number \( p \) such that \( n \) is a contiguous subsequence of the digits of \( p \)?","Topic: Mathematics -> Number Theory -> Prime Numbers, Difficulty: 8.5",Yes,8.5,Mathematics -> Number Theory -> Prime Numbers,8.5,deepmath
deepmath_8.5_10,"If a sequence of functions $f_k$ epi-converges to a function $f$, does it imply that $f$ is lower semicontinuous?","Topic: Mathematics -> Other, Difficulty: 8.5",Yes,8.5,Mathematics -> Other,8.5,deepmath
deepmath_8.5_0,"Determine whether there exists a character \( \chi: G_m^n \to G_m \), which is both a morphism and a group homomorphism, such that a given proper subvariety \( V \subseteq G_m^n \) (where \( V \) is also a subgroup) satisfies \( V \subseteq \ker \chi \).","Topic: Mathematics -> Algebra -> Abstract Algebra -> Group Theory, Difficulty: 8.5",Yes,8.5,Mathematics -> Algebra -> Abstract Algebra -> Group Theory,8.5,deepmath
deepmath_8.5_45,"Determine whether the sequence \((\log(n!) \mod 1)_{n \in \mathbb{N}}\) is dense in the interval \([0,1]\).","Topic: Mathematics -> Algebra -> Intermediate Algebra -> Logarithmic Functions, Difficulty: 8.5",Yes,8.5,Mathematics -> Algebra -> Intermediate Algebra -> Logarithmic Functions,8.5,deepmath
deepmath_8.5_47,Find the coefficient \( a_{2^n} \) in the power series expansion of \( \left(\frac{x}{1-x^2}+\frac{3x^3}{1-x^6}+\frac{5x^5}{1-x^{10}}+\frac{7x^7}{1-x^{14}}+\cdots\right)^2 = \sum_{i=0}^{\infty}a_{i}x^i \).,"Topic: Mathematics -> Discrete Mathematics -> Combinatorics, Difficulty: 8.5",8^{n-1},8.5,Mathematics -> Discrete Mathematics -> Combinatorics,8.5,deepmath
deepmath_8.5_66,Determine whether there exist any uncountable subrings of the real numbers $\mathbb{R}$ other than $\mathbb{R}$ itself.,"Topic: Mathematics -> Algebra -> Abstract Algebra -> Ring Theory, Difficulty: 8.5",Yes,8.5,Mathematics -> Algebra -> Abstract Algebra -> Ring Theory,8.5,deepmath
deepmath_8.5_53,"In a category \( \mathbf{C} \), if for an object \( B \) it holds that \( B \times A \cong A \) for all objects \( A \), does this imply that \( B \) is a terminal object?","Topic: Mathematics -> Algebra -> Abstract Algebra -> Other, Difficulty: 8.5",Yes,8.5,Mathematics -> Algebra -> Abstract Algebra -> Other,8.5,deepmath
deepmath_8.5_50,"Does there exist a unique probability measure \( \mu: \Sigma \to \mathbb{R} \) such that, when considered as a function from \( \Gamma \) to \( \mathbb{R} \) through Lebesgue integration, \( \mu \) matches the given function?","Topic: Mathematics -> Calculus -> Integral Calculus -> Applications of Integrals, Difficulty: 8.5",Yes,8.5,Mathematics -> Calculus -> Integral Calculus -> Applications of Integrals,8.5,deepmath
deepmath_8.5_28,"Find the infimum of the set \( \{ \lambda \in \mathbb{R} : x^2y'' - 3xy' - \lambda y = 0, \lim_{x \to \infty} y(x) = 0 \} \). Assume \( x > 0 \) and use the substitution \( x = e^t \) to solve the differential equation.","Topic: Mathematics -> Differential Equations -> Ordinary Differential Equations (ODEs), Difficulty: 8.5",0,8.5,Mathematics -> Differential Equations -> Ordinary Differential Equations (ODEs),8.5,deepmath
deepmath_9.0_8,Is the multiplication of infinite cardinals defined in Zermelo-Fraenkel set theory without the Axiom of Choice?,"Topic: Mathematics -> Algebra -> Abstract Algebra -> Other, Difficulty: 9.0",Yes,9.0,Mathematics -> Algebra -> Abstract Algebra -> Other,9.0,deepmath
deepmath_9.0_16,"Does the real part of the Riemann zeta function, \( \Re\zeta(s) \), ever vanish for \( \frac{1}{2}<\Re(s)\leq 1 \)?","Topic: Mathematics -> Number Theory -> Other, Difficulty: 9.0",Yes,9.0,Mathematics -> Number Theory -> Other,9.0,deepmath
deepmath_9.0_0,"Compute the distance between a unilateral shift operator $S$ on a separable, infinite-dimensional Hilbert space $\mathcal{H}$ and the set of compact operators on $\mathcal{H}$, denoted by $\mathbb{K}(\mathcal{H})$. Find $d(S, \mathbb{K}(\mathcal{H}))=\inf\{\|S-K\|: K\in \mathbb{K}(\mathcal{H})\}$.","Topic: Mathematics -> Other, Difficulty: 9.0",1,9.0,Mathematics -> Other,9.0,deepmath
deepmath_9.0_24,"Let $V$ be a closed subscheme of the complex affine plane $\mathbb{A}_{\mathbb{C}}^2 = \operatorname{Spec}\mathbb{C}[x, t]$, containing the point $(x, t) = (0, 0)$. Consider a quasifinite, flat, and surjective morphism $\pi: V \rightarrow \mathbb{A}_{\mathbb{C}}^1 = \operatorname{Spec} \mathbb{C}[t]$, which maps the point $(0, 0)$ to $(t) = (0)$. Given a sufficiently small analytic neighborhood $U \subset \mathbb{A}_{\mathbb{C}}^2$ around $(0, 0)$ such that every component of the intersection $U \cap V$ passes through $(0, 0)$, determine if there exists an analytic neighborhood $U' \subset \mathbb{A}_{\mathbb{C}}^1$ around $(t) = (0)$ such that the multiplicity of the fiber $U \cap \pi^{-1}(p)$ is constant for all $p \in U'$. Answer with 'Yes' or 'No'.","Topic: Mathematics -> Algebra -> Abstract Algebra -> Field Theory, Difficulty: 9.0",Yes,9.0,Mathematics -> Algebra -> Abstract Algebra -> Field Theory,9.0,deepmath
deepmath_9.0_11,"Is it true that for any Banach norm \(\|\cdot\|\) on \(\mathbb{R}^n\), the set of points where the function \(f: v \mapsto \|v\|\) is not Frchet differentiable has Lebesgue measure zero?","Topic: Mathematics -> Calculus -> Differential Calculus -> Applications of Derivatives, Difficulty: 9.0",Yes,9.0,Mathematics -> Calculus -> Differential Calculus -> Applications of Derivatives,9.0,deepmath
deepmath_9.0_9,Is there an uncountable set of algebraically independent transcendental numbers?,"Topic: Mathematics -> Algebra -> Abstract Algebra -> Field Theory, Difficulty: 9.0",Yes,9.0,Mathematics -> Algebra -> Abstract Algebra -> Field Theory,9.0,deepmath
deepmath_9.0_13,Let $R$ be a Noetherian ring and $I$ be a proper ideal of $R$. Suppose $b \notin I$ is such that $I + Rb$ and $(I:b) = \{x \in R : xb \in I\}$ are projective as $R$-modules. Is the ideal $I$ projective as an $R$-module?,"Topic: Mathematics -> Algebra -> Abstract Algebra -> Ring Theory, Difficulty: 9.0",Yes,9.0,Mathematics -> Algebra -> Abstract Algebra -> Ring Theory,9.0,deepmath
deepmath_9.0_1,"Consider a sequence of nonzero representations \(\phi_n: A \rightarrow B(H_n)\), where \(A\) is a nonunital \(C^*\)-algebra, \(H_n\) is a Hilbert space, and \(P_n\) is a sequence of projections on \(H_n\). Determine whether there exists an element \(a_0 \in A\) such that the sequence \(\{P_n\phi_n(a_0)\}\) is norm convergent.","Topic: Mathematics -> Algebra -> Abstract Algebra -> Other, Difficulty: 9.0",Yes,9.0,Mathematics -> Algebra -> Abstract Algebra -> Other,9.0,deepmath
deepmath_9.0_23,"Consider a rectangle with vertices $2+iT$, $2-iT$, $-1+iT$, and $-1-iT$ where $T>3$ is not an ordinate of zero of the Riemann zeta function $\zeta(s)$. If $N(T)$ is the number of zeros of the Riemann zeta function up to height $T$, show that $$\lim_{T\to \infty}\frac{N(T)}{ \frac{T}{2\pi}\log\left(\frac{T}{2\pi}\right)-\frac{T}{2\pi} }=1.$$","Topic: Mathematics -> Calculus -> Integral Calculus -> Applications of Integrals, Difficulty: 9.0",1,9.0,Mathematics -> Calculus -> Integral Calculus -> Applications of Integrals,9.0,deepmath
deepmath_9.0_5,"Does there exist a non-measurable set in the space $\{0,1\}^{\mathbb N}$ with the product measure $\mu^{\mathbb N}$ where $\mu(\{0\})=p,\mu(\{1\})=1-p$ for $p\in(0,1)$?","Topic: Mathematics -> Discrete Mathematics -> Logic, Difficulty: 9.0",Yes,9.0,Mathematics -> Discrete Mathematics -> Logic,9.0,deepmath
deepmath_9.5_1,What is the probability that all increments of a Brownian motion are positive over an infinite time horizon?,"Topic: Mathematics -> Applied Mathematics -> Statistics -> Probability -> Other, Difficulty: 9.5",0,9.5,Mathematics -> Applied Mathematics -> Statistics -> Probability -> Other,9.5,deepmath
deepmath_9.5_4,"Verify that the number of lines on a general quintic threefold $Y \subset \mathbb{P}^4$, which is classically known to be 2875, can be obtained as the Donaldson-Thomas invariant of the moduli space of lines in $Y$. Specifically, show that the integral of the virtual fundamental class of the moduli space $M(1,0,-1,c_3)$ of torsion-free sheaves with rank 1, trivial determinant, $c_2 = -1$, and $c_3 = \chi(\mathscr{O}_C)$ is 2875.","Topic: Mathematics -> Algebra -> Abstract Algebra -> Other, Difficulty: 9.5",2875,9.5,Mathematics -> Algebra -> Abstract Algebra -> Other,9.5,deepmath
deepmath_9.5_2,"In ZFC, does there exist a perfect field of characteristic $p$ for any given infinite cardinality, where $p$ is a fixed prime number?","Topic: Mathematics -> Algebra -> Abstract Algebra -> Field Theory, Difficulty: 9.5",Yes,9.5,Mathematics -> Algebra -> Abstract Algebra -> Field Theory,9.5,deepmath
deepmath_9.5_0,"Is it true that for any reductive group $G$ over the finite field $\mathbb{F}_q$, there exists a smooth regular embedding $\iota \colon G \rightarrow G'$ such that the center of $G'$ is an induced torus?","Topic: Mathematics -> Algebra -> Abstract Algebra -> Group Theory, Difficulty: 9.5",Yes,9.5,Mathematics -> Algebra -> Abstract Algebra -> Group Theory,9.5,deepmath
deepmath_9.5_3,"Consider a consistent and axiomatizable extension of Peano Arithmetic (PA), denoted as $T$. Is it possible to have a sentence $\phi$ such that $T \vdash Prov_T(\phi)$ but $T \nvdash \phi$, where $Prov_T(x)$ expresses ""$x$ is provable in $T$""? Assume $T$ contains sufficient induction to satisfy the following derivability conditions: (1) ""reflection"" which states that if $T \vdash \sigma$, then $T \vdash Prov_T(\sigma)$, and (2) a formal version of modus ponens such that $T \vdash Prov_T(a) \land Prov_T(a \rightarrow b) \rightarrow Prov_T(b)$ for any sentences $a$ and $b$. Answer with ""Yes"" or ""No"".","Topic: Mathematics -> Discrete Mathematics -> Logic, Difficulty: 9.5",Yes,9.5,Mathematics -> Discrete Mathematics -> Logic,9.5,deepmath
deepmath_10.0_0,Determine whether the Bass conjecture is true for any projective regular scheme over the integers.,"Topic: Mathematics -> Algebra -> Abstract Algebra -> Other, Difficulty: 10.0",Yes,10.0,Mathematics -> Algebra -> Abstract Algebra -> Other,10.0,deepmath
deepmath_10.0_1,"Consider the reductive group $\operatorname{GSp}_{4}$. Let $\pi$ be a smooth admissible cuspidal representation of $\operatorname{GSp}_{4}(\mathbb{A}^{(\infty)})$ of dominant weight, satisfying a multiplicity one hypothesis. Fix an odd prime $p$. To $\pi$ is attached a $p$-adic representation $\rho$ of the absolute Galois group of $\mathbb{Q}$, unramified outside a finite set of places, such that the characteristic polynomial of the Frobenius morphisms $Fr\ell$ for $\ell$ outside this set coincides with the Euler factor at $\ell$ of the degree 4 $L$-function of $\pi$. This Galois representation occurs in the degree 3 cohomology of the tale cohomology of a Siegel-Shimura variety. The image of complex conjugation under $\rho$ is semi-simple and can be chosen to be diagonal with eigenvalues 1 and -1. Determine the number of $-1$ eigenvalues.","Topic: Mathematics -> Algebra -> Linear Algebra -> Matrices, Difficulty: 10.0",2,10.0,Mathematics -> Algebra -> Linear Algebra -> Matrices,10.0,deepmath
deepmath_10.0_2,Could the complex zeros of the Riemann zeta function be of the form \( s=0.5+ik \) with \( k \) a positive integer?,"Topic: Mathematics -> Number Theory -> Other, Difficulty: 10.0",No,10.0,Mathematics -> Number Theory -> Other,10.0,deepmath
